{"accuracy": [0.6842023134231567, 0.8886407017707825, 0.9324276447296143, 0.9544917941093445, 0.9650330543518066, 0.9713777899742126, 0.9772530198097229, 0.9802546501159668, 0.9831282496452332, 0.9849206805229187], "loss": [1.0518420934677124, 0.3437822163105011, 0.20723655819892883, 0.13951168954372406, 0.1064106822013855, 0.08379543572664261, 0.06824327260255814, 0.05968592315912247, 0.051720160990953445, 0.045882195234298706], "val_accuracy": [0.8594354391098022, 0.9140109419822693, 0.9192465543746948, 0.9340997338294983, 0.9340428113937378, 0.9282380938529968, 0.9309697151184082, 0.9477008581161499, 0.9441725611686707, 0.9444001913070679], "val_loss": [0.4457385241985321, 0.2693338990211487, 0.2529090642929077, 0.2018173784017563, 0.21678954362869263, 0.2407570630311966, 0.2413347363471985, 0.18837720155715942, 0.1864674985408783, 0.2020115852355957]}